region,year,age_first_birth,age_first_marriage,any_contra_married,asfr_15_19,edu_secondary_women,mcpr_all_women,mcpr_married,tfr_15_49,unmet_need
Ahafo,1988,19.6,18.0,12.0,149.0,,4.8,5.2,7.6,
Ahafo,1993,19.6,18.3,25.4,107.0,6.8,13.4,14.0,4.7,40.1
Ahafo,1998,19.6,18.2,24.7,93.0,50.6,11.3,14.8,5.2,35.9
Ahafo,2003,20.2,18.9,33.0,102.0,49.7,20.1,24.8,4.8,32.5
Ahafo,2008,20.2,18.4,29.0,97.0,55.3,15.7,21.6,4.1,35.3
Ahafo,2014,20.8,21.5,30.1,105.0,57.0,23.5,26.2,4.8,26.5
Ahafo,2016,,,,102.0,62.7,,,4.3,
Ahafo,2019,,,,99.0,65.6,,,4.5,
Ahafo,2022,21.1,20.5,42.8,60.0,70.7,29.8,35.8,4.3,24.1
Ashanti,1988,19.3,17.5,10.1,117.0,,5.6,6.5,6.3,
Ashanti,1993,19.9,18.6,13.7,154.0,7.7,6.8,8.0,5.4,45.4
Ashanti,1998,19.9,18.8,24.6,121.0,60.8,10.9,14.0,4.9,34.6
Ashanti,2003,20.2,18.9,29.7,58.0,64.2,16.2,21.0,4.1,28.1
Ashanti,2008,20.8,19.5,27.0,43.0,70.9,11.9,15.7,3.6,36.5
Ashanti,2014,21.5,20.8,26.4,73.0,73.8,15.5,20.8,4.2,31.8
Ashanti,2016,,,,61.0,76.0,,,3.9,
Ashanti,2019,,,,82.0,70.8,,,3.5,
Ashanti,2022,22.2,21.3,44.4,62.0,79.8,26.9,32.1,3.5,23.0
Bono,1988,19.6,18.0,12.0,149.0,,4.8,5.2,7.6,
Bono,1993,19.6,18.3,25.4,107.0,6.8,13.4,14.0,4.7,40.1
Bono,1998,19.6,18.2,24.7,93.0,50.6,11.3,14.8,5.2,35.9
Bono,2003,20.2,18.9,33.0,102.0,49.7,20.1,24.8,4.8,32.5
Bono,2008,20.2,18.4,29.0,97.0,55.3,15.7,21.6,4.1,35.3
Bono,2014,20.8,21.5,30.1,105.0,57.0,23.5,26.2,4.8,26.5
Bono,2016,,,,102.0,62.7,,,4.3,
Bono,2019,,,,99.0,65.6,,,4.5,
Bono,2022,22.4,23.1,38.5,36.0,77.4,22.2,28.3,3.7,23.7
Bono East,1988,19.6,18.0,12.0,149.0,,4.8,5.2,7.6,
Bono East,1993,19.6,18.3,25.4,107.0,6.8,13.4,14.0,4.7,40.1
Bono East,1998,19.6,18.2,24.7,93.0,50.6,11.3,14.8,5.2,35.9
Bono East,2003,20.2,18.9,33.0,102.0,49.7,20.1,24.8,4.8,32.5
Bono East,2008,20.2,18.4,29.0,97.0,55.3,15.7,21.6,4.1,35.3
Bono East,2014,20.8,21.5,30.1,105.0,57.0,23.5,26.2,4.8,26.5
Bono East,2016,,,,102.0,62.7,,,4.3,
Bono East,2019,,,,99.0,65.6,,,4.5,
Bono East,2022,20.8,20.7,22.1,92.0,57.8,17.7,20.7,4.7,29.6
Central,1988,19.3,18.3,9.7,171.0,,4.3,4.9,6.6,
Central,1993,19.7,18.5,15.6,124.0,7.5,7.1,7.6,5.4,42.5
Central,1998,20.0,19.3,19.3,99.0,53.0,9.6,13.1,4.7,39.1
Central,2003,20.1,19.1,15.2,121.0,46.7,12.7,13.2,5.0,49.6
Central,2008,20.2,19.7,22.9,104.0,57.0,14.7,17.0,5.4,50.1
Central,2014,20.5,20.0,31.1,98.0,67.0,23.8,27.5,4.7,29.4
Central,2016,,,,113.0,62.9,,,4.0,
Central,2019,,,,99.0,69.1,,,3.9,
Central,2022,21.4,21.3,50.8,60.0,76.6,27.1,34.5,3.6,21.3
Eastern,1988,19.2,18.4,11.4,129.0,,4.7,5.8,6.0,
Eastern,1993,20.4,19.1,25.9,134.0,10.6,11.8,12.9,5.0,37.9
Eastern,1998,20.0,18.7,26.6,106.0,62.7,15.1,19.6,4.5,33.6
Eastern,2003,20.3,19.8,27.1,74.0,60.6,16.7,21.5,4.3,35.9
Eastern,2008,20.2,19.9,24.2,83.0,65.4,16.6,17.0,3.6,38.8
Eastern,2014,20.7,20.4,29.4,98.0,68.0,18.3,25.6,4.2,35.1
Eastern,2016,,,,58.0,69.8,,,3.6,
Eastern,2019,,,,59.0,75.4,,,3.3,
Eastern,2022,21.8,22.1,35.3,65.0,75.5,24.6,28.6,3.5,27.3
Greater Accra,1988,20.5,18.8,27.2,86.0,,7.9,10.6,4.7,
Greater Accra,1993,21.6,20.1,36.8,69.0,28.2,13.3,18.0,3.4,27.8
Greater Accra,1998,22.0,20.4,32.2,48.0,69.6,12.4,17.4,2.7,29.9
Greater Accra,2003,21.8,20.9,34.0,37.0,71.2,18.1,26.0,2.9,32.1
Greater Accra,2008,23.2,22.9,32.6,29.0,77.6,16.9,22.2,2.5,26.7
Greater Accra,2014,24.0,23.7,28.7,30.0,77.5,15.7,19.4,2.8,28.3
Greater Accra,2016,,,,47.0,76.5,,,3.3,
Greater Accra,2019,,,,33.0,78.0,,,2.7,
Greater Accra,2022,24.5,24.7,32.0,39.0,84.6,19.0,23.8,2.9,26.0
North East,1988,19.3,17.8,10.7,93.0,,1.0,0.7,6.9,
North East,1993,20.8,19.4,11.2,133.0,3.4,4.7,5.1,6.4,30.6
North East,1998,20.2,18.7,10.0,131.0,11.3,5.5,5.6,6.6,31.4
North East,2003,21.1,19.2,12.1,87.0,12.7,7.0,7.7,7.0,35.3
North East,2008,20.7,19.3,5.9,96.0,23.6,4.9,5.7,6.8,32.5
North East,2014,20.2,18.7,11.2,93.0,23.1,9.3,10.8,6.6,27.8
North East,2016,,,,101.0,27.4,,,6.9,
North East,2019,,,,96.0,27.6,,,5.9,
North East,2022,20.5,19.4,17.1,121.0,33.2,14.8,14.9,6.6,22.5
Northern,1988,19.3,17.8,10.7,93.0,,1.0,0.7,6.9,
Northern,1993,20.8,19.4,11.2,133.0,3.4,4.7,5.1,6.4,30.6
Northern,1998,20.2,18.7,10.0,131.0,11.3,5.5,5.6,6.6,31.4
Northern,2003,21.1,19.2,12.1,87.0,12.7,7.0,7.7,7.0,35.3
Northern,2008,20.7,19.3,5.9,96.0,23.6,4.9,5.7,6.8,32.5
Northern,2014,20.2,18.7,11.2,93.0,23.1,9.3,10.8,6.6,27.8
Northern,2016,,,,101.0,27.4,,,6.9,
Northern,2019,,,,96.0,27.6,,,5.9,
Northern,2022,21.9,20.4,24.6,73.0,37.8,16.6,17.2,5.6,22.3
Oti,1988,20.0,18.7,14.6,141.0,,4.0,3.9,7.2,
Oti,1993,20.0,18.9,25.2,71.0,7.1,8.4,7.7,5.4,41.5
Oti,1998,20.4,18.9,21.1,80.0,54.6,11.2,12.1,4.3,39.3
Oti,2003,20.7,19.5,23.6,103.0,52.0,16.3,19.3,4.4,40.6
Oti,2008,20.4,19.2,28.6,79.0,52.4,15.7,20.5,3.8,34.8
Oti,2014,21.1,20.5,32.2,107.0,58.7,24.0,29.5,4.3,36.3
Oti,2016,,,,68.0,62.3,,,4.2,
Oti,2019,,,,90.0,58.1,,,4.1,
Oti,2022,20.6,20.7,32.0,73.0,48.9,23.6,28.5,5.2,25.7
Savannah,1988,19.3,17.8,10.7,93.0,,1.0,0.7,6.9,
Savannah,1993,20.8,19.4,11.2,133.0,3.4,4.7,5.1,6.4,30.6
Savannah,1998,20.2,18.7,10.0,131.0,11.3,5.5,5.6,6.6,31.4
Savannah,2003,21.1,19.2,12.1,87.0,12.7,7.0,7.7,7.0,35.3
Savannah,2008,20.7,19.3,5.9,96.0,23.6,4.9,5.7,6.8,32.5
Savannah,2014,20.2,18.7,11.2,93.0,23.1,9.3,10.8,6.6,27.8
Savannah,2016,,,,101.0,27.4,,,6.9,
Savannah,2019,,,,96.0,27.6,,,5.9,
Savannah,2022,20.9,20.2,23.4,116.0,31.8,16.6,19.1,5.8,21.4
Upper East,1988,19.3,17.8,10.7,93.0,,1.0,0.7,6.9,
Upper East,1993,20.1,18.3,10.2,115.0,8.3,8.3,7.2,5.7,29.2
Upper East,1998,20.8,18.8,9.0,42.0,16.3,7.4,7.5,4.4,26.6
Upper East,2003,19.9,18.3,11.9,83.0,15.8,8.0,9.7,4.7,38.9
Upper East,2008,19.5,17.8,14.7,64.0,27.0,11.3,14.3,4.1,33.7
Upper East,2014,20.2,18.9,23.7,71.0,32.9,18.3,23.3,4.9,26.5
Upper East,2016,,,,57.0,38.3,,,4.2,
Upper East,2019,,,,86.0,41.8,,,4.4,
Upper East,2022,21.0,20.0,35.5,70.0,56.8,24.7,30.9,4.6,17.9
Upper West,1988,19.3,17.8,10.7,93.0,,1.0,0.7,6.9,
Upper West,1993,21.0,18.8,6.6,115.0,3.1,5.0,5.1,5.2,30.1
Upper West,1998,21.2,19.2,11.9,74.0,16.1,7.9,9.1,5.9,32.4
Upper West,2003,20.5,19.1,26.3,68.0,21.5,15.8,19.5,5.5,25.3
Upper West,2008,19.5,18.1,21.7,70.0,28.4,17.0,20.5,5.0,28.6
Upper West,2014,20.5,18.9,25.2,70.0,31.3,19.4,24.8,5.2,27.5
Upper West,2016,,,,42.0,42.3,,,4.3,
Upper West,2019,,,,90.0,37.6,,,4.3,
Upper West,2022,22.1,21.1,36.8,57.0,47.2,26.8,33.8,4.5,17.8
Volta,1988,20.0,18.7,14.6,141.0,,4.0,3.9,7.2,
Volta,1993,20.0,18.9,25.2,71.0,7.1,8.4,7.7,5.4,41.5
Volta,1998,20.4,18.9,21.1,80.0,54.6,11.2,12.1,4.3,39.3
Volta,2003,20.7,19.5,23.6,103.0,52.0,16.3,19.3,4.4,40.6
Volta,2008,20.4,19.2,28.6,79.0,52.4,15.7,20.5,3.8,34.8
Volta,2014,21.1,20.5,32.2,107.0,58.7,24.0,29.5,4.3,36.3
Volta,2016,,,,68.0,62.3,,,4.2,
Volta,2019,,,,90.0,58.1,,,4.1,
Volta,2022,22.2,21.7,35.6,44.0,76.4,23.7,29.3,3.2,28.1
Western,1988,19.2,18.0,8.2,134.0,,3.8,3.2,6.4,
Western,1993,19.1,18.3,26.4,150.0,9.5,10.6,14.4,5.4,32.8
Western,1998,19.7,19.2,18.3,87.0,50.9,7.5,8.7,4.3,40.5
Western,2003,20.0,19.5,28.2,76.0,53.2,14.4,17.7,4.5,32.0
Western,2008,21.0,20.3,19.1,58.0,61.7,10.9,13.2,4.2,40.1
Western,2014,21.3,19.8,27.1,63.0,65.9,20.4,23.3,3.6,27.4
Western,2016,,,,94.0,64.6,,,4.3,
Western,2019,,,,94.0,71.7,,,3.9,
Western,2022,21.6,23.5,44.8,76.0,76.9,28.1,35.5,3.6,18.5
Western North,1988,19.2,18.0,8.2,134.0,,3.8,3.2,6.4,
Western North,1993,19.1,18.3,26.4,150.0,9.5,10.6,14.4,5.4,32.8
Western North,1998,19.7,19.2,18.3,87.0,50.9,7.5,8.7,4.3,40.5
Western North,2003,20.0,19.5,28.2,76.0,53.2,14.4,17.7,4.5,32.0
Western North,2008,21.0,20.3,19.1,58.0,61.7,10.9,13.2,4.2,40.1
Western North,2014,21.3,19.8,27.1,63.0,65.9,20.4,23.3,3.6,27.4
Western North,2016,,,,94.0,64.6,,,4.3,
Western North,2019,,,,94.0,71.7,,,3.9,
Western North,2022,21.1,20.4,39.2,56.0,71.1,25.2,29.1,3.8,22.7
